temperature,pressure
27.970718388005157,2.2757409450935233
24.553771386437283,1.4004757417001068
25.05474763838493,1.8041689793306235
29.695677707376582,1.8545419801681837
24.823465587303385,1.298387563545397
16.530659224021264,1.3745827026626742
23.312068204563552,2.87000489790912
34.791543819771,2.4662353834660844
18.344135982886694,1.469265600714685
31.33155482553021,2.4800362288294346
19.58705950675895,1.5193313307893972
19.4196489423605,1.4180612413892
15.83042296464039,1.4089572655679847
17.145263206670872,1.044123958133837
29.266817592464633,2.0558242136544536
34.546272103288985,2.8732204666283776
20.599662221075935,2.7479006511078596
21.296886860467644,2.111515083651786
17.012093819472117,2.859175307759351
33.405454936487594,1.7687090303248616
20.786568882284204,1.890610106678017
33.53340428915503,2.741894377802704
25.489408135256355,2.008090675579955
19.832588594550785,2.6384760215643515
29.442066008566073,1.363668986372885
32.73533985474987,1.4509974113947512
32.656419503536924,2.029737896751473
17.182810159337613,1.229300202186585
20.830238295983996,2.290067343268367
26.524040098787577,2.685548027093475
17.56422951807572,2.5986054967409036
24.022252599498295,1.4217993619356262
17.916361721395933,2.280022082615356
16.108658958054832,2.7958482816362107
21.764787646381862,2.6689535622265828
26.885313610770847,2.219559926035375
34.93605652482514,1.282505509487728
23.683330625139313,1.5975480251881986
18.634854209949893,1.3653907802079908
17.74011332013179,2.2419660119133695
28.18308102516059,1.2094872081113472
18.638461234685437,2.2114239273998235
20.731133427224556,1.343202008792286
24.271295187445883,2.3240890499627214
23.8065659089073,2.0842706687220978
21.975191453288232,1.290837403328081
19.916399956834,2.885348909632987
28.390462467098665,1.2061063793706293
25.065404182787653,2.5521874737484938
19.87692034600814,2.1591610484307573
24.525255471589638,2.6424979268018225
22.765587838935687,1.0024492106240859
19.669257531656218,1.4185917334626892
32.94105084004033,2.3041679177594947
18.724377903362075,2.108902241695284
32.3135725792875,2.620796366140376
24.633684649379127,2.7327969736482114
26.022793110551564,1.3898753924801883
34.66064028272683,2.892207036943665
32.4376176683924,1.6287781048496541
